source,target
1,916|969|617|786|788|742|153|313|458|322|212|326|656|405|718
2,562|943|38|360|824|708|323
3,951|864|309|397|847|597|656|370|434|718|513|724|299|270|894|751|709|828|583|300|552|667|655|840|105|909|786|106|358|139
4,511|27|389|92|631|70|630|929|217|835|298|202|588
5,543|777|950|146|815|471|308|351|624|696|279|482|997|761|863|238|233|109
6,684|5|467|581|396|13|142|977|520|527|74|55|447|86|829|197|463|84|392|967|367|794|860|388|540|710
7,311|191|500|359|625|14|193|685|379|240|965|80|175
8,608|79|199|695|574
9,710|1000|429|221|358|552|331|998|569|549|433|692|215|534|505|550|615|357|343|969|828|622|617|59|667|968|940|653|66|212|718|56|883|1|169|309|709|78|316|156|786|351
10,234|831|743|422|126|600|193|79|506|798|265|497|173|252|230|52|199|920
11,846|332|287|839|704|494|905|676|889|179|54|806|48|783|924
12,137|903|567|728|87|202
13,676|420|177|372|871|939|196|785
14,500|268|685|843|529|720|191
15,774|892|557|304|296|474|314|790|52|1000|189|516|990|592|980|223|113|841|574|569|27|86|506|989|901|430|732|907|497|593|578|966|493|772|8|543|768|327|792|39|79|26|305|303
16,736|408|344|569|555|983|180|423|861|407|822|763|221|43|562|496|194|143|714|702|669|226|748|479
17,563|542|425|671|766|259|292|206|697
18,939|297|141|423|96|312|922|117|136|85|826|861|222|255|970|124|112|981|393|304|36|187|242|267|321|219|442|119|47|266|480
19,669|562|431|213|499|244|503|703|566|38|708|248|370|931|650|682|737|576|971|648|837|539|701|390|381|192|676
20,269|662|869|588|854|397|984|696|663|639|929|935|753|875|910
21,752|100|771|618|190|948|973|936|832|874|796|782|254|717|538|374|104|489|471|465|46|974|149|594|721|209|952|985
22,452|11|492|602|400|797|844|163|783|704|236|377|839|514
23,951|740|426|464|917|953|321|896|367|227|247|7|565|356|276|142|668|41|467|460|400|719|109|127|700|528|271|696|918|315|540|888|500|879|726|710|95|465|50|453|721|720|273|932|828|167|237|434|638|161
24,399|836|905|417|947|410|620|854|54|259|22|44|375|281|833|816|224|462|239|767|65|823|287|954|633|607|658
25,834|118|429|117|453|474|186|579|533|135|616|803|674|101|122
26,335|199|432|990|517|81|592|387|695|491|8|765|270|768|571|962|530|805|147|79|431|574|206|734|27
27,106|270|735|805|225|847|303|418|600|907|342|732|597|151|980|724|989|866|86|252|863|557|168|869|265|315|430|39|983|759|530|774|335|772|223|718
28,943|913|645|721|743|253|185|368|465|161|248|553|209|842
29,855|559|484|462|527|333|620|541|961|337|738|281|42|856|719|722|829|44|875|317|229|515|282|138|546|180|596|544|787
30,484|346|510|91|62|278|282|812|614|307|338|205|738|683|856|943
31,133|578|735|280|252|151|557|990|593|506|39|679|608|966
32,541|179|42|250|856|818|589|790|576|192|627|170|722|187|596|44|282|501|544|462|559|961|558|858|588|812|875|278|337|823|840|510|753
33,87|571|542|601|504|848|17|941|206|671|695|716|417|766|22|567|259|65|783|179|427|361|730|48|335
34,897|83|703|43|628|956|360|598|682|490|837|993|38|2|946|708|421|927|496|566|323
35,508|717|87|159|641
36,365|623|723|89|729|621|981|584|487|321|995|67|442|439|46
37,879|158|502|740|804|581|182|263|181|603|686
38,360|837|410|708|34|163|703|956
39,765|980|223|945|430|592|165|624|772|151|734|790|868|578|442|409|538|530|523
40,478|293|350|421|360|707|709|882|503|16
41,145|852|464|652|537|53|246|72|689|873|915|972|809|204|554|528|444|726|888|590|403|376|463|115|55|645|851|273|293|502|98|585|603|797|263|331|392|896|453|197|47|804|740|260
42,961|818|627|32|250|576|722|44|192
43,539|38|2|497|968|882|22|703|360|837
44,170|722|627|505|596|250|192|415|845|32|544|961|42|818|432|576|346|91|487|278|499|107|738|554|686|537|338|187|333|372
45,919|288|131|200|63|679|521|841|80|424|355|219|548|785|508|792|526|381|640|910|353|125|16|87
46,409|661|782|796|21|901|622|874|104|471|538|149|771|489|814|772|948|618|100|242|623
47,355|603|433|590|468|392|200|327|938|331|604
48,775|224|226|386|607|649|770|54|33|713|986|754|528|797|228|363|11|698|281|75|375|587|902|260
49,524|666|498|361|232|139|239|986|50|65|859|441|621
50,107|299|465|561|759|944|951|764|518|838|606|208|721|291|796|880|403|771|512|663|675
51,902|730|973|829|767|220|872|311|97|343|190|995|570|945|441|427|959|705|120|383|778|165|762|670|399|22|542|119|232|578|666|586|424|494|498
52,409|833|314|144|898|410|515|230|639|516|301|318|578|743|599|225|790|404|556|649|481|188|608
53,820|916|376|420|531|293|893|211|475|853|992|660|679|125
54,169|218|504|587|698|228|441|629|955|754|224|190|902|466|797|48|775|986|75|820|909|260
55,852|354|47|396|903|356|246|41|545|111|726|925|493|464|23|851|581|228|590|972|689|873|896|400|537|528|435|797|679|879|608|804|72|477|888|469
56,156|969|692|885|926|830|242|471|998|169|739|509|543|883|58|105|622|684
57,582|233|238|977|279|442|878|796|862|120|146|5|870|712|36|761|482|800|165|446|976|351|795|950|460
58,926|550|692|909|998|830|962|786|883|622|156|885|73|56|1000|473|513|223|549|458|212
59,285|901|780|675|690|750|727|849|221|936|985|952|85|433|210|415|159|385|355|249|241|489|209
60,731|368|186|292|697|121|135|118|575|776|83
61,878|642|359|341|7|204|466|128|258|115|203|218
62,683|596|510|388|30|377|558|812|338
63,841|908|189|407|610|25|985|508|778|288|45|717|792|219|131|521
64,598|82|670|708|271|272|937|777|334|703|183|244|370|43|978|513|701|707|27
65,620|767|24|144|858|607|921|91|494|332|71|515|628|318|361|658|581|770|947|599|399|633|823|498|816|939|281|287|425|228|410|206|51|398|586
66,909|158|300|292|648|930|982|9|586|864|625|969|742|37|786|105|534|688|473|840|326|78
67,438|242|362|772|365|311|623|765|165|364|119|729
68,329|408|752|876|834|325|123|108|389|808|776|566|176|644|17|186|118|469|122|961|568|120|135|474
69,165|568|97|765|752|220|378|384|383|591|995|803|58|830|964|808|697|942|446|120|201|456|223|76|776
70,391|827|315|57|276|50|862|863|88|401|436|699
71,229|546|201|884|784|214|947|317|646|389|455|292|172|281
72,477|851|590|549|246|852|865|537|352|197
73,105|163|549|42|307|56|127|968|648
74,468|477|216|433|919|852|273|426|680|162
75,228|775|959|224|587|797|260|823|54|698|700|754|924
76,616|455|383|456|752|120|995|803|591|69|378|145|734|122|233|172|926|674|646|584|630|605|570|575|371|594|384|430|108|121|730|474|5|472|942|389
77,315|536|238|950|391|498|597|907|862|781|696|699|595|191|351|828|402|146
78,213|840|688|326|648|909|930|473|742|300|534|786|66|864|912|655|969|476|390|502|9|56|419|676|886|358|778|307|550|692|879|420|827
79,275|545|265|177|994|772|497|168|743|173|831|600|10|779
80,821|744|861|680|162|843|635|654|938|895|713
81,280|571|335|768|881|26|743
82,64|708|837|370|284|663|937|271|598|272|989|175|400|956|745
83,988|802|485|2|834|455|295|626|135|43|275|546
84,545|801|977|447|684|6|463|967|464|870|860
85,221|241|985|299|368|285|344|690|385|59|772|675|780|210
86,27|724|225|342|175|734|597|866|194|666|270|107|409|983|426
87,382|12|933|785|522|641|768|841|470|671|850|137|963|147|908|575|355|35|200|475
88,306|920|413|283|263|783|769|440|823|589|195|391|402|318|911
89,188|622|67|441|723|365|58|242|584|729|945|442|165|119|759|36|623|134|311|362|691|634|859|334|915|809|624|833|312|297|826|747|383|791|386|255
90,234|819|997|454|815|781|867|920|320|949|452
91,683|994|346|62|632|798|205|614|506
92,583|4|696|631|355|835|217|114|630|811|436|785|240|200|521|211|232|86|45|843|382|944
93,540|677|439|881|157|267|960|362|438|297|929|970|255|199|442|141|525|94|636|621|809|981|825|617|406
94,266|321|828|929|114|944|272|747|759|3|634|139|401|863|991|348|334|124|467
95,263|435|652|581|520|700|287|399|392|900|411|940|865|710|560|216|352|541|388|684|740|274|475|447|41|331|181|879|689|72|612|889|318|644|243|540|829|396|559|873|98
96,334|406|126|438|798|632|677|525|301|834|523|626|439|975|136|813|819|584|935|348|929|265|336
97,441|770|848|945|959|830|311|384|220|947|570|190|427|130|112|872|705|51|383|965|399
98,234|842|295|43
99,290|412|631|985|16|547|815|582|595|255|110|413|976
100,868|489|185|765|936|832|538|796|430|254|46|104|622|437|987|874|618|663|771|661|948|800|782|149|807|471|21|764
101,891|474|304|449|505|122|616|928|176|25|579|145|784|373|682|692|629|955|964|68|288|201|802|674|752|895|1000|533|317|45|375|826|292|938|485
102,931|539|737|180|954|43|2|479|272|88|969|407|350|40|628|682|370|379|431|384|748|823|971
103,598|346|899|714|369|676|694
104,796|877|618|538|936|89|489|849
105,56|786|968|886|169|307|429|722|358
106,866|639|314|907|578|980|315|265|418|27|497|989
107,757|907|251|467|507|397|348|20|588|662|138|685|334|627|869|175|753|278|984|910|77|887|240|719|269|854|738|184|961|148
108,68|317|325|568|176|776|834|62|766|596|371|123|752|186|83|329|76|408|871|201
109,800|401|315|444|175|631|696|918|712|70|733|862|77|863|896|394|634|306
110,99|733|595|997|938|320|310|582|306|330|433|57|547|801|290|394|976|557|412|996|195|870|131|732|70|918|350|210|283|77|80|316
111,756|608|493|890|481|341|211|252|593|649|735|309|875|31|966|27|280|833
112,408|813|596|262|126|613|428|164|809|756|300|632|706|141|264|672|386|827|958|623|89|298|165
113,252|600|305|448|862|257|39|923|979|181|188|879|517|177|983|223|790
114,53|526|217|436|4|240|963|106|871|835|630|92|984|631|733|129|283|908|414
115,341|466|258|113|233|128|359|204
116,942|503|708|707|103|748|978|226|143|726|569|40|421|350|2|75|272|386|478|679
117,981|1000|750|756|521|919|327|861|970|632|18|364|297|312
118,76|697|135|474|575
119,664|69|578|915|165|482|868|975|311|36|365|929|765|623|334|991|89|442|297|723|782|584|279|242|729|362|67|691|133
120,926|76|998|378|389|254|69|591|156|383|752|995|697|469|223
121,731|145|123|575|186|655|964|60|563
122,373|47|172|891|595|616|121|474|245|449|25|101|579|389|76|674|383|200|928|329|110|496|433|123|424|644|884|452|832|356|605|214|292|408|229|215|176|591|988|183|186|629|483|942|964
123,646|69|925|183|68|319|108|612|176|121|325
124,191|3|94|529|634|788|759|321|826|929|621|266
125,679|746|174|660|211|475|217|992|495|893|212|376|293|820|814|53|420|841|386|915
126,545|270|265|230|497|743|10|914|600|506|173
127,387|549|659|994|388|354|783|925|331
128,77|587|204|341|218|714|594|359|258|61|642|203|466|115|386
129,651|643|810|939|420|996|958|785|372|395|381|13|614
130,654|594|489|857|359|235|488|446|739|965|374|665|451|563|898|771|149|447|692|762|7|500|178|430|162|146|728|220|895|744
131,372|919|660|45|744|845|15|934|630|985|841|508|200|963|290|219|610|357|312|690|616|976
132,422|193|490|711|519|73|844|366|779|762|817|359|207|685|380|253|492
133,124|957|813|791|793|311|691|525|362|386|698|609|218|975|915|756|593|651|664|809|363|364|172|929|526|644|246
134,255|813|480|687|459|747|738|336|861|312|1|904|462
135,871|368|60|176|121|186|504|201
136,312|442|18|117|970|981|255|96|756|621|826|297|423
137,12|522|17|850|473|292|933
138,662|251|583|151|869|175|910|14|269|854|107|719|596|863|588|507|984|20|397|338|205|247
139,524|239|498|666|232|49|361|54|206|259|955|712|604|398|959|332|410|298|518|179|375|417|22|284|607|220|224|704|698|944|894|570|377|778
140,852|678|913|416|922|721|901|185|661|21|514
141,112|262|706|626|613|419|535|428|164|264|889|480|255|499|289|546|19|370|929|636|364|525|267|423
142,953|467|668|426|603|896|74|536|565|23|247|367|387|356|453|917|14|400|276|903|361|994|106|686|70|315|433|197|208|612|866|684|560
143,478|476|670|978|554|350|707|40|229|421|226|503|469|116|64|777
144,833|790|52|230|516|780|682|314|639|395|153|113|303|287|608|765|578|989
145,778|808|928|449|629|964|605|317|229|224|942|176|735|469|61|294|568|214
146,761|320|950|20|70|233|77|427|347|88|870|279
147,933|87|353|963|35|12|939|601|420|8|656|137
148,596|757|192|432|856|848|818|324|845|487
149,974|771|100|832|385|471|21|835|488|538|208|28|948|880|874|254|15|926|858|46|161|829|860
150,798|256|911|491|637|799|890|553|999|461|368|842|291|85|661|727
151,436|907|434|27|724|284|168|342|106|448|557|734
152,787|875|231|554|414|649|869|738|397|845
153,885|828|458|1|969|322|788|313|615|884|640|673|550|926|930|653|326|105|687|156|894|215|909|830
154,457|558|194|845|297|588|324|483|892|801|184|349|231|187|610|347|528|614|878|198|559|250|818
155,972|573|403|55|890|606|280|593|974
156,73|926|771|995|998|930|883|357|622|267|1000|51|674|215|885|434|692|242|56|58|254|429
157,652|970|244|881|657|93|364|267|439|641|960|677|725|334|321|826|255|621|438|12|336|406|147|523|815|164|393
158,903|339|182|795|243|686|794|520|740
159,440|385|619|889|185|85|616|750|727|208|210|778|970|9|985|849|241|59|518|690|763|514|285
160,326|476|655|681|962|617|656|912|169
161,28|81|185|783|849|437|553|842|221|798|105|248|838|925|422|490|782|750|485|913|275|943|210|663
162,547|258|374|635|268|713|80|61|744|235|642|478|895|451|685|625|579|562|654|203|702|519|492|728|711|7|857|473|527|675|466|657
163,924|567|602|823|802|302|79|179|599|377|236|754|844|770|955|28|524|586|783|30|806|22
164,809|262|141|706|442|348|613|112|264|428|325|438|381|108
165,362|796|89|384|220|311|723|915|664|442|487
166,182|860|710|499|227|325|804|638|37|158|98|824|520|339|74|794|927|900|686|879|740|871|6|612|889|688|243|396|250|181|741|66|477|544|540|142|331|659|263|535|603
167,760|161|551|798|354|272|502|273|914|388|824|127|540
168,500|86|597|561|151|225|529|27|732|113|980|608|984|257|142|743|734|989|240|536|866|907|929|805|735|270|303|751|724|106|990|251|430|15|460|418
169,212|204|709|309|174|673|930|66|429|58|609|552|3|53|520|786|797|172|828|909|847|788|357|156|742|550|549|505|912|707
170,44|576|250|854|82|483|192|614|91|638|596|818|42|627|231|786|795|138|961|333|544|32|812|534|722|875|982
171,289|795|815|308|647|716|827|589|949|807|402|611|996|260|320|68|715|394|419|501|328|889|330|582|819|233|401|213|238|733|405|452|535
172,629|644|121|964|605|252|568|834|533|214|317|329|25
173,481|79|96|346|265|492|549
174,212|309|54|622|169|61|673|660|709|644|476|912|830|648|52|883|667|73|9|550|909|962|926|885|513|152|681|357|754|300|218|56|786|890|505|972|475|930|698|707|951|75
175,787|662|457|869|400|541|558|588|251|719|854|269|138|20|107|397|507|906|910|443|984|483|231|349|284|32|818|627
176,876|884|264|776|808|25|329|408|942|325|68|836|108
177,113|923|701|225|189|305|257|983|188|448|958|608|473|329|932|979|199|300|592|326|768|270|314|868|817
178,250|203|319|486|877|345|625|235|179|359|825|846|535|755|672|532|173|380|739|654|218|302
179,236|806|11|905|658|704|494|332|767|705|377|375
180,931|450|633|636|875|337
181,182|499|839|612|37|123|939|158|227|794|74|491|900|426|740|638|603|804|166|879|534|808|686|396|581|940|994|354|514
182,612|940|840|181|917|603|686|877|158|166|396|560|354|794|648|804|638|274|499|879|740|501|227|37|710|478|776
183,371|284|674|389|472|373|186|176|630|533|245|591|298|995|329|575
184,349|457|483|154|845|797|635|610|558|187|324|414|215|484|278|397|432|20|757|985|231|990|856|40
185,661|842|606|221|974|28|553|913|450|943|946|275|437|161|248|798|291
186,697|121|135|731|118|317|485|575|60|292|655|768|644|568|261|617|201|122|68|876|886|523|988|903
187,841|162|349|457|483|80|324|845|610|496|484|680|198|154|920|778|347|558|184|477|507|559|757|216|30|231|487|554|869|875|538
188,837|735|113|305|979|780|566|983|923
189,826|990|15|557|558|592|892|774|304|296|225|230|252|579|735|493|297|571|923|778|595|457|222|81
190,945|670|658|97|872|758|973|33|959|447|705|947|570|441|839|964|399|220|730|427|604|51|259|816|995|139|456|733|800|49|607|302|242
191,14|466|843|500|193|529|720|511|61|268|7|418|175|836|849|685|507|261|27|857|583|130
192,871|462|983|176|576|753|338|32|544|596|112|148|170|818|864|432|44|961
193,492|28|914|821|132|711|755|204|817|360|779|762|366|614|519|687
194,748|569|385|562|288|272|736|82|187|40|702|370|496|680|312|392|85|2|407|835
195,330|769|391|402|405|318|88|308|413|712|547|819|501
196,445|531|509|987|693|814|992|965|717|543|640|893|378|792|56|739|810|870|383|841|137|125|521|538|526
197,468|540|496|801|560|824|427|331|521|304|355|433|790|970|47|216|477|392
198,347|471|487|20|887|878|818|753|554|432|864|752|541|170|154|614|578|397|610|683|757|787|559|57|782
199,639|571|725|267|157|768|530|296
200,919|312|63|521|131|9|45|221|841|355|508|908|509|219|475|556|288|592|792|222|640|529|952|893|582|934|845|240|501|817|998
201,784|629|145|378|928|294|282|942|214|533|851|220|469|176
202,353|35|313|211|640|916|395|196|773|495|833|340|947
203,313|904|857|218|115|128|359|689|258|464|527|341|529
204,128|61|203|466|115|75|379|359|625|258|642|341|218|252|537|469|787|577|635|755|779
205,349|487|683|333|22|155|738
206,259|960|601|8
207,379|687|527|607|178|836|737|855|80|904
208,515|50|880|663|46|764|849|27|618|796|299|221|561|634|518|512|291|721|465|838|437
209,471|771|450|911|254|249|416|404|515|440|931|42|619|104|461|299|21|140|541|221|159|518|458|880|890|50|747|750
210,952|241|18|985|189|890|892|675|645|702|514|59|21|874|661|477|948|727|221|385|758|489|690|943|936|433|750|285|849
211,92|521|679|893|660|293|717|53|376|992|125|531|756|475|820
212,174|673|350|709|667|698|309|169|830|133|310|458|864|883|926
213,701|323|390|345|996|566|569|19|370|535|954|650|194|982|703|2|971|676|669
214,546|629|145|964|469|568|201|731|605
215,667|1000|774|358|552|58|828|357|550|153|615|864|309|926
216,222|15|356|453|736|851|433|276|740|316|74|977|710|477|879|801|197|468|331|47|447|392|780|900|243|700|829|545
217,835|663|92|382|4|630|792|240|933|631|934|114
218,128|61|481|258|319|203|359|673|821|115|836|204|466|341|654|642|224|713|755|568|904|875|207|132|178|386|855|493|7|986|877
219,919|288|868|45|635|810|63|355|792|640|189|423|841|508|521|200|18|499
220,427|872|601|383|504|959|441|767|973|487|570|870|51|945|542|524|830|567|239|410|163|97|705|848|190|730|936|236
221,948|774|46|327|385|985|661|210|299|85|331|675|59|619|727
222,453|710|47|367|392|331|780|184|426|433|981|801|197|468|216|129|953|888|477
223,705|430|772|765|409|270|868|39|482|487|578|734|111|86|84|448
224,921|797|775|928|361|48|573|54|754
225,303|866|805|765|907|418|342|983|106|732|597|724|168|151|560|270|465|497|516|86|980
226,496|421|763|503|478|143|555|975|608|40|350|116|16|978|736|707|535|725|702|64|43|562|390|280|344|737|464|701|897|566|793|102|708|194|787|162|34|606
227,179|37|612|396|499|171|638|72|181|158|740|688|352|166|900
228,921|607|75|705|260|190|902|754|767|608|959|783|775
229,646|325|123|607|71|144|295|884|546|317|395|784|802|120|568|118|202|183|201
230,806|173|52|188|516|833|81|628|619|177
231,414|676|389|787|152|875|462|554|198|576|251|125|111|484|738|662|432|250
232,361|49|894|498|666|3|524|139|251|239|621|302|671|236|441|86|494|704|984|22|260|518|816|718
233,427|146|761|5|950|870|104|482|800|919|21|413|976|624|351|57|748|693|906|618|279|190|938|394|860|460|1000|286
234,867|452|580|647|783|968|90|819|146|444|949|920|193|402|815|993|978
235,486|979|532|345|840|877|648|511|758|319|625|494|204|672|514
236,867|921|494|783|680|398|302|338|410
237,339|274|903|977|396|84|741|387|652|637|17|276|941|881|243|227|953|331|659|411|851
238,401|733|500|107|918|151|234|996|334|699|460|77|286|863|867|142|5|536|70|906|696|86
239,259|49|529|712|232|498|666|3|959|48|524|869
240,835|631|114|4|500|436|64|630|217|92|49|963|987|262|513|871|87|531|45|129|13|792|666|853|395|817|712|467
241,721|997|161|826|285|838|849|952|440|552|122|758|616|59|489|221|210|392
242,76|936|311|362|72|729|723|119|36|623|365|765|67|584|89|165|442|975|981
243,567|237|903|387|652|274|339|368|668|741|994|388|222|74|650|914|181|491|167|367|560|166|725|710
244,827|539|2|627|213|566|535|390|702|701|323|971|262|982
245,666|101|389|918|472|373|183|869|371|284|674|135|891|724|217|575|579|291|697|731|605|271|383|201
246,537|888|972|367|23|212|453|590|55|464|72|293|128|740|780|852|467|273|873|900
247,603|513|142|583|668|23|291|426|27|879|168|467|276|953|896|92|903|917|565|540|730|367|95|356|400|107|869|719|181|72|225|216|183|804|910|859|721|477|685|392|865|222|634|794|967|227|246|283|7|167
248,161|798|890|465|796|553|437|659|881|275|185|28|943|913|842|770
249,59|948|416|619|209|790|5|404|911|440|450|515|849|836|65|437|287|159|393|842
250,32|544|576|19|42|192|596|818|44|627|944|961|722|871|323|856|170
251,299|910|507|138|240|854|662|588|397|269|346|175|541|878|984
252,31|493|111|735|608|574|481|966|230|787|593|280|363
253,338|193|923|380|600|519|341|672|14|779|455|762|831|711
254,911|50|249|945|796|487|104|512|46|771|800|149|618|663|883|299|58|21|782|944|948
255,312|297|136|981|569|119|861|677|18|117|343|970|826|242|809|15|423|609|375|477|348|94|386|266|429|525|747|944|362|991|935
256,461|886|758|243|999|799|728|637
257,557|182|428|390|113|448|188|166|40|19|909|549|177
258,218|519|61|203|128|609|481|395|755|359|466|720|341
259,17|542|962|677|650|417|504|567
260,75|797|410|228|698|54|680|376|986|481
261,947|657|380|572|563|789|728|369|825|590|731|204|577|511|339|549
262,901|525|112|164|428|544|264|706|566|613|141|795|758|584|348|723|691|94|442|809|396|301|300|480
263,851|581|317|940|435|276|767|560|158|700|903
264,321|164|459|141|809|706|677|613|262|564|438|18|879|112|428|176|408|386|134|311
265,732|600|481|173|225|842|523|223|96|335|574|193|525|377|831|8|497|779
266,356|859|162|759|142|935|636|334|443|312|929|809|718|264|124|664|588|168|298|321|94|981|270|634|406|975|991|136
267,706|525|439|237|476|960|677|103|93|157|881|935
268,744|49|869|132|685|168|500|805|583|204|191|843|898|738|720|991|14|597|207|7|266|634|284|529|175|895|665|594|130|821|178|235|663|635|965|258
269,753|984|507|662|397|151|719|20|23|878|138|107|869|588|487|251|910|685
270,266|151|907|27|86|530|498|980|966|418|724|298|114|303|989|743|732|597|805|401|342|866|168|106|225|39|790|305
271,272|543|114|82|937|662|64|598|529|503|191|369|467|682|708|490|539|116|701|124|882|702|103|479|897|143|725|418|927|323|748|496|180|654|244|685|899
272,490|937|64|384|271|897|389|598|835|82|634|20|777|194|915
273,726|158|852|145|72|464
274,387|903|339|652|572|247|603
275,842|437|799|28|514|234|100|161|798|553|913|943|645|185
276,237|668|537|356|367|674|545|400|306|426|315|467|387|896|270|953|23|805|583|142|721|565|719|20|917|700|247|222|529|447
277,369|19|160|899|725|671|714
278,30|192|683|812|91|551|614|541|580|163|510|62|968|205|346|282|338|184
279,938|146|830|631|950|57|233|482|832|242|800|829|409|5
280,735|649|342|252|31|226|765|805|932|111|990|52|983|966|608|593|481|493|592|578|517|151|430|866|106|852|454|115
281,220|515|228|495|95|425|955|823|494|816|704|410|332|940|302|770|599|687|658|163|904|806|399|65|947|836|620|737|462
282,683|205|812|333|231|30|62|614|346|91|170|96|510|278|338|949|961|236|187|455|576|154|377|414|757|541|878
283,315|927|109|247|595|306|391|699|907
284,712|373|472|389|245|674|183|371|120|662|724|579|456|891|568|240|616|123|92|646|303|598
285,18|750|59|155|210|249|675|849|637|221|913|241|985|85|952|309|297|796
286,585|709|454|402|310|412|315|815|55|57|72|195|318|595|795|394|733|800|696|993
287,633|704|607|422|816|975|767|54|224|179|494|947|17|599|484
288,508|521|200|939|4|522|131|219|355|12|841|955|792
289,589|448|715|171|328|13|534|611|501|643|308|624|419|795|394|819|234|428|807|330|452|905|996|108|647|827|781|858|876
290,453|99|761|976|110|595|57|159|582|117|547|635|938|412|997|521|318|233|88|696|330|952|715|712|224|279|109|592|136|85|146|460|624|413|306|452|870|750|862|996|611|920|733|194|70
291,764|299|275|721|50|890|712|303|208|838|937|880
292,697|616|432|12|123|889|757|83|511|60|485|186|121|575|135|69|118|160|417|731|172|68
293,376|820|53|679|893|219|660|919
294,568|533|942|469|186|172|644|605|928|41|229|295|280|449|559|201|964|485
295,83|988|802|377|455|325|533|485|135|928|553|834
296,892|15|578|743|189|304|557|110|990|702
297,861|136|312|981|18|117|423|613|569|938|793|393|255
298,991|443|536|634|94|759|953|859|291|777|271|362|266|621|7|929|523|674|505|944|321|124|747|334|232|312|348|935|109|96|251|165|664|225|951|406
299,764|524|465|291|518|838|771|721|50|208|901|983|913|880|663|512|27|870
300,145|326|876|706|840|434|655|66|742|613|786|909|807|864|648|153
301,747|393|480|737|636|957|459|336|884|134|297|790|124|826|443|599|438|413|523|141|386|981|242|859|607|793|759|626|52|93|756|391|133|67|613|363|935
302,10|519|614|924|327|163|236
303,106|674|367|151|225|838|907|113|315|597|805|342|126|232|321|866|732|418|168|335|86|27|980|724|516|270|989|578|271|835|189|92|498|81|536|639|530|8|621|10|280|15|356|199|565|82|630|217|518|892
304,297|113|892|296|890|85|990|189|774|15|162|866|562|868|592
305,418|11|390|535|983|257|758|858
306,917|298|733|863|315|139|279|238|712|77|950|70|460|918|536|699|99|373|400|310|453|109|426|996|283|696|401|290
307,783|1000|519|819|962|105|968|73|549|802|366|62|708|338|360|309|751|885
308,171|238|920|661|419|996
309,709|476|169|673|655|1000|174|212|667|883|66|718|587|313|885|688
310,228|781|649|585|890|286|454|419|733|77|146|226|482|660|870|712|290|975|110|386|651|391|54|807|827|715|289|402|554|716|90|699|867
311,67|459|636|242|84|624|723|89|378|729|761|950|165|363|119
312,793|331|423|297|18|702|826|584|136|691|805|93|975
313,9|909|788|326|855|458|969|322|1|153|947|840|951|56|998|885|916|393|786
314,790|833|516|639|768|1|399|52|230|144|409
315,146|70|109|862|238|815|401|460|733|107|699|859
316,477|794|72|301|222|540|400|101|449|690|74|508|780|392|710|851|474|967|47
317,784|646|229|546|474|71|884|325|408|68|687|395|101|25|176|383|616|533|449|568|836|605|826|102|891|284|69|180|776|628|201|539|738|579|469|957|122|802|65|876|575|707|633|964|329|123|121|931|928
318,769|413|391|308|88|402|195|102|405|57|800|950|146|246|501|90|855|639|747|761|99|495|444|585|997|715|995|628|314|515|807|957|337|916|171|996|911|328|867|547|527|411|286|79
319,345|877|178|576|68|370|193|720|779|218|898|808|776|408|235|846|625
320,310|647|920|580|234|491|867|949|993|781|452|819|90|743|127|863|582|595
321,117|94|443|929|991|124|609|729|334|621|859|365|362|759|442|634|944|264|632|266|935|348|518|191|298|157|523|480|106|363|861|299|723|141
322,969|655|636|153|287|894|1|458|769|968|263|313|249|209|788|434|3|317|307
323,390|676|535|170|490|244|982|19|555|213|319|701|543|927|370|971|846|566|396
324,778|15|184|710|713|457|468|154|763|349|187|505|869|722|483|558|269|878|562|610
325,408|808|329|776|876|68|123|108
326,709|648|688|313|257|652|830|786|66|742|638|909|864
327,287|841|424|680|604|921|955|375|778|425
328,308|66|603|589|807|330|786|827|403|815|612|289|394|501|996|419|715
329,101|123|176|629|485|686|108|879
330,306|715|580|419|807|749|611|877|827|308|501|589|555
331,243|659|475|354|392|339|246|528|385|468|400|710|216|222|731|824|801|74|921
332,179|905|806|17|494|11|704
333,869|224|29|558|336|484|251|44|187|462|738|258|541|91|337|559
334,321|175|297|944|49|507|859|443|935|634|348|668|94|621|759|124|991|723|50|266|929|298|862|536|685|241|93|119
335,574|151|517|113|26
336,957|613|898|180|480|134|852|301|459|393|636|747|67|416|626|141
337,462|170|155|333|484|346|65|483|676|910|559
338,576|205|988|627|62|519|437|282|22
339,659|274|243|637|641|903|387|461|652|746|731|601|741|237|881|572|477|277|865|35|491|899|356|98|768|657|216
340,640|958|372|13|381|420|871|651|939|818|746|129|785|643|12|211|508|473|137|688|45|835
341,246|61|642|890|53|115|258|203|207|204|226|218|466|359|281|128|486|689|720|563|762|857|898|654|836
342,966|86|649|314|989|418|27|151|225|217|980|303|409|597|907|270|557|8
343,671|99|754|259|938|921|458|680|417|427|327
344,194|736|288|702|479|931|763|82|407|937|468|350|744|822|272|562|938|355|210|457|539|897|369|16|670|384|650|569|496|358|555|213|552|707|40|370|255|103|982|714|226|543|150|2|676|421|277|431|954
345,672|532|7|178|877|235
346,862|510|377|278|62|738|779|437|250|91|29|205|234|464|614|44|414|961|683|484|333|352|282|818|812|338|487
347,753|118|902|131|887|869|693|4|945|627|487|729|198|878|457
348,745|691|935|321|944|929|334
349,483|412|477|875|324|327|984|558|184|457|683|610|627|282|154|15|136|845|187|333|231|722|269|148|9|910|887|719|32|430|557|541|787|251|159|80
350,851|421|735|143|226|116|978|272|813|503|244|172|478|707|2|40|537|568
351,233|57|624|501|761|800|279|699|5|578|36|870|950|482|955|146|733|589|993|803|273|310|536|819|315|75|868|290
352,307|127|925|659|306|853|590|502|74|105|602|994|34|167
353,59|939|411|395|202|526|640|643|546|65|495|382|908|420
354,914|900|953|852|95|197|846|551|43
355,63|717|792|37|131|835|693|919|778
356,426|361|917|367|896|239|914|880|528|953|565|23|276|464|668|142|710|183|247|467|667|400
357,505|358|429|1000|9|552|550|615|215|891
358,864|534|552|85|562|550|692|189|505|718|1000|653|615|80|357|215|210|9|458|429
359,258|162|7|203|115|466|625|533|204|61|975|775|756|642|128|191|268|218|679|207
360,600|535|43|38|837|28|946|519|714|34|988|708|272|490|703|702|777
361,239|232|498|168|49|400|872|666|139|524|51|195|959|775|228|397|281|586|299|751|797|500
362,84|723|729|442|165|36|119|365|937|242|623|39|67|967|584|134|311|987|266|89|347|505|384|793|813|393|297|753|730
363,466|386|793|133|975|48|809|664|707|888
364,632|133|793|981|442|336|117|691|813|363|664|609|975|797|134
365,67|442|386|146|165|723|242|119|362|948|439|729|623|266|584|36|670|89|311|634|813|406|133|800|364|832|321|94|348|883|363|56|21|443|141|624|356|18|929
366,821|762|779|492|422|837|132|898|7|519|253
367,668|565|142|520|917|726|433|914|4|216|467|23
368,799|637|963|150|849|461|881|771|256|999|561
369,789|694|716|417|946|431|566
370,19|927|971|736|777|535|328|244|669|682|758|808|562|566|544|715
371,214|512|674|389|472|138|378|802|107|284|935|7|245|183|373
372,340|13|551|643|749|871|651|420
373,910|472|299|118|245|389|25|721|183|284|449|238|674|371|616|186|268|719|784|928|834|623|846|6|201|83|348|443|145|106
374,687|204|654|254|130|965|488|39
375,259|604|343|778|680|327|65|542|221|826|780|296|921|754|955|738|139|260|775|424|74|24|959
376,211|820|382|679|475|293|651|4|35|660|562|214|395|992|125|61|893|814|53|353|792|760|55|469
377,607|205|602|302|398|236|506|844|427
378,76|752|803|229|373|456|389|383|782|591|860|69|995|948|120|449|605|488|884|295|145|284|876|183|878|294|629|455
379,527|687|904|755|635|836|873|207|855|458|821|898|451|500|789|577|261|382|218|657|744|466|846|313|532|132
380,178|466|904|446|525|743|374|62
381,308|746|983|871|643|13|340|958|372|651|63|876|916|420|395
382,526|288|811|773|495|640|53|646|916|853|395|202|556|548|353|893|515|630|92|836|987|293|527|13|564|281|560|63|931|850|508|355|376|129|865|747|522|24|211|631|785|871|87|180|660|820|958|470
383,69|995|104|449|295|3|58|76
384,670|624|777|103|745|543|734|927|479|748|5|897|931|503|344|38|669|360|982
385,727|210|943|637|547|59|661|46|921
386,664|793|706|72|53|729|609|525|201|915|791|813|133|312|363|691|975|334|660|423|893|809|756|981|364
387,274|652|824|571|903|243|741|339|237|685|659|388|273|900|463|789
388,167|352|217|659|274|683|560|98|824|354|925|946
389,515|674|25|245|631|183|284|597|668|373
390,16|213|43|262|226|676|555|840|473|244|2|927
391,88|318|405|870|102|402|516|195|283|769|413|337|585|682|279|595|752|454|827|450|687|716
392,477|331|128|433|167|316|562|222|47|590|710|468|197|780|453|216|804|74|582|210
393,134|957|459|281|636|480|301|336|546|935|230|362|29|747|96|723|405|306|255|756|523|584|826|112
394,257|996|419|827|171|328|807|110|501|889|688|289|589|308|611|486
395,548|814|314|207|288|682|564|640|850|410|469|916|353|651|230|202|773|853|147|495|382|526
396,354|794|741|328|182|612|686|227|499|740|879|927
397,751|184|910|356|588|269|878|109|984|869|4|502|818
398,302|602|236|22|163|844|839|770|586|633|924|24|580|783|377|754|17|941
399,767|395|607|766|287|498|599|816|671|620|823|281|24|865
400,668|565|276|917|77|23|142|367|700|426|356|95|896|686|741|247|467|498|953|447|463|182|843|710
401,460|391|254|501|238|764|171|239|696|283|733|70
402,501|413|318|482|328|404|769|405|391|290
403,964|573|974|645|155|922|212|849|618|228|606|890|368|201|750|249|309|465|341|952|888
404,900|209|249|619|440|911|515|954|416|957|161|646|450|823
405,520|536|867|65|628|391|769|279|413|785|195|1|318|682|402|88|761|263
406,632|626|163|96|545|523|354|634|824|438|809|636|525|144|312|157|729|968
407,194|412|344|304|197|562|978|496|569|822|714|16|763|702|736
408,876|544|68|135|329|123|176|71|808|183|486|108|325|983|78|330
409,998|578|430|734|772|120|39|800|897|765|732|735
410,931|924|658|209|399|494|281|607|425|202|441|839|766|65|916|816|559|633|947|24|767|646|358|823|599|391|413|620
411,322|520|263|540|560|865|852|925|352|41|581|95|851|900|940|700|337|98|769|393|435|903|273|166|230|612
412,976|306|110|233|949|221|996|997|109|57|845|290|595
413,283|405|391|898|947|444|769|195|482|416|5|836|402|867|580|88|318|870|310|862|57|807|109|547|90|435
414,875|152|242|787|554|282|481|614|231|324|337|42|608|359|184|845|310|887|484|510
415,140|952|858|758|922|663|889|661|901|879|514|614|66|208|795
416,489|209|782|450|221|515|619|911|71|816|458|940|440|102|336|404|675|249|661|46|811|140|901|546|104|514|461|28|889|59|985|798|155|952|788|248
417,766|574|281|617|567|586|941|542|259|504|825|604|658|848|206|680|256|671|908|17|103|563|33|601
418,674|168|790|966|361|430|578|724|426|270|720|342|106|608|114|269
419,330|166|589|807|827|996|795|329|171|968|501|611|308|769|328|715|289|394|70
420,114|651|131|13|181|436|858|589|760|992|564|785|526|871|129|746|811|939|381|372|958|643|340|835|548|660|528|178|495|669|211|244|499|202|262|308|640|820|4|817|773|807|934|611
421,19|707|978|350|143|211|194|116|478|702|226|40|503|628|682
422,461|173|572|527|261|366|519|817|821|492|80
423,297|36|793|18|255|94|826|595|363|117|636|861|970|136|547|324|935|981|312|632|818|774|439
424,375|449|281|921|498|666|713|990|562|680|767|778|85
425,441|190|399|601|287|281|754|24|766|520|658|139|410|770|17|633|424|947|767|228|259|607|836|986|816|462|220|620|65|806|599|823|898|902|640|302|738|924|797|911|775|567
426,467|718|917|907|276|896|334|356|499|565|740|367|433|23|142|232|247|477|4|953|732|400|668|468|237|354|95|865|240|991
427,945|441|531|730|232|220|463|570|97
428,795|262|632|96|112|706|643|141|786
429,357|615|917|552|692|926
430,732|81|765|409|403|69|872|772|39|113|948|100|868|447|111|427|223|936|280|119|151|734|190|860|578|106|692|188|482|265|932|729|303|517|198|304|866|827|86|695|753|342
431,213|882|614|734|102|103|978|725|40|906|694|650|899|292|277
432,576|148|601|757|333|856|135|848|484|738
433,222|710|921|216|316|74|477|25|468|896|47|528|968|997|197|453|994|331|780|801|357|392|6|610|263|72|273|158
434,66|847|951|894|160|513|751|284|3|828|718|583|549|106|909|968|215|750|139|926|473|962|58|917|309|460|458|969|656|786
435,551|195|900|528|865|426|619|560|95|230|181|102|379|581|317|515|700|263|879|896|916|520
436,114|835|4|699|217|631|92|240|630|106|919|175
437,514|8|250|248|798|553|842|913|890|943|683|185|28|783|275|889|743|161|465|209|180|781|85|661
438,626|747|525|96|632|960|248|523|756|406|510|193|428|386|743|117|362|586|957|112|67|704|550|311|609|423
439,157|150|118|634
440,981|479|450|416|913|619|404|249|633|209|515|922|46|911|403|889|784|758|901|248
441,959|973|797|427|607|97|872|796|417|51|730|570|705|777|945|220|604|190|666|498|165
442,220|759|623|67|242|772|301|832|729|119|89|723|584|859|165|365|36|944|872|445|860|409|311
443,584|561|400|94|621|756|266|348|362|92|472|729|991|142|951|636|935|634|859|124|944|442|321|298
444,906|511|476|491|35|694|815|716|283|290|678
445,814|950|717|196|531|693|987|874|509|992|482|217|856|948|630
446,654|594|441|258|665|672|713|374|130|488|39|904|80|857|744|739|27|965|14|451|649|623|929|255|635|365|789|771|489|379|855|830|203|46|235|529|779|378|128
447,471|388|967|6|463|540|860|528|829|84|618|977|684|945|488|710|953|857|142|668|367|467|441|520|445|453|477|995
448,923|342|188|265|892|257|576|31|81|979|305|113|983|250|372|112|177|530
449,546|763|535|122|176|101|802|290|579|469|474|80|616|891|25|605|928|792|408|373|83|457
450,911|287|416|249|440|404|515|619|403|209|104|943|790|39|796|737|890|913|322|170|559|675
451,965|446|594|591|857|488|665|130|717|654|843|374|895|739|128|987|635|383|519|223|198|466|319|796|235|51|191|80|7|745|61|765|204|730|872|832|463|713|341|46|789|748|693|115|538|14|625|57|492
452,320|781|819|807|73|307|391|779|997|62|920|167|158
453,433|142|197|447|849|710|9|331|792|468|780|477|316|464|222|74|801|392|47
454,942|585|286|819|644|547|580|310
455,988|803|456|371|245|802|295|366|485|83|834|839|697|145|549|378
456,76|897|803|120|995|950|739|317|469|752|591|71|378|69|936|383
457,845|576|985|610|392|122|154|690|558|483|675|187|184|324|349|397|981|778|662|726
458,505|313|322|655|969|1|263|153|549|968|212|9|788|71|473|962|207|526
459,164|947|301|523|636|133|756|747|165|682|393|333|95|48|298|957|940|318
460,863|536|306|70|699|997|759|918|733|315|283|647|696|247|712|827|238|976|233|867|862|401|419|109|77|330|993|815|631|57|165|715|501|859|320|318|171|870|412|938|843|279|234|781|547|624|720|585|356|270
461,799|757|150|256|999|368|637|518|530|476|28
462,738|353|29|337|487|338|333|559|541|749
463,84|684|814|447|967|477|540|752|829|860|74|730|998|670|977|446|374|6|528|182|243|801|468|710|198|865|400|945|925|780|227|426|196|55|581|347|726|668|237|276|851|168|910|794|953|392|367|41|339|873
464,726|528|540|41|74|61|573|873|852|917|503|590
465,348|880|450|764|285|663|721|561|4|727|518|910|306|138|291|284|842|849|299|50|21|208|843|512|805
466,488|41|359|207|642|128|341|294|115|836|193|258|203|689|519|218|366|380|61|820|775|654|204|80
467,576|917|847|824|284|142|400|247|20|896|443|953|668|23|367|900|565|426
468,780|477|447|689|216|197|804|463|72|400|158|411|710|141|316
469,644|76|533|884|292|172|629|964|408|928|120|69|214|133
470,137|163|810|125|749|114|934|760|817|564|841|355|632|820|132
471,538|489|771|936|926|618|663|730|973|514|782|36|897|21|104
472,183|292|373|389|644|859|245|615|107|579|356|284|124|60|470|995|674|498|371|71|145|76|513|101|120|68|575|910|469|942|512|20|123
473,458|174|909|300|13|688|56|840|534
474,616|25|579|826|891|46|122|449|101
475,382|53|992|155|660|48|820|376|211|893|258|421|445|293|495
476,652|653|66|886|681|667|572|617|962|118|912|656
477,668|331|468|873|47|316|197|453|392|74|780|801|101
478,915|376|226|421|978|40|503|116|143|707|350|496|669|628|19|702|737|539|897|566|937|360
479,102|539|628|682|737|336|954|1|317|957|898|180|931|503|707|390|370|431|407|490|694|937|703|763
480,459|626|836|393|636|458|298|443|957|623|242|664|336|301|747|134|297|981|363|609|861|353|202|960|915|523|793|96|24|756|632|940|36|165|442|970|364|386|769|317|929|729|944|405|813
481,735|296|55|144|805|27|448|592|8|649|280|493|608|252|189|833|26|966|111|31|932
482,509|712|997|761|863|483|57|800|233|870|949|279|97|351|595|699|146|624|950|5|977|306|795|99|290|827
483,184|343|324|610|845|154|722|412|288|187|558|457|349
484,333|462|541|516|662|175|627|738|20|337|29|134|559|722|152|878|252|324|382|107|550|915|769
485,626|834|295|988|398|83|472|176|302|455|186|802|525|884|568
486,846|625|451|204|128|532|186|235|345|253|319|672|178|877|858|380|685|300|273|379|958|984|559|529|420|66|665|140|713|289|261
487,165|198|887|347|753|878|668|394|662|787|282
488,446|965|374|268|319|624|665|654|739|687|594
489,832|948|100|874|868|46|487|538|771|936|385|985|441|772|883
490,956|43|946|2|708|703|19|38|478|34|837|360|377|323|90|102
491,906|678|881|716|815|81
492,366|438|193|380|519|779|510|132|839|920|711|422|218
493,151|649|39|608|31|782|252|907|280|768
494,905|332|179|44|806|319|704|11|410|633|390|427|941
495,811|904|475|115|853|293|353|95|651|581|898
496,200|407|736|539|562|745|312|702|997|899|369|822|669|63|763|598|990|566|271|569|801|194|143|919|47|16|727|344|102|180|880|670|927|535|503
497,600|265|173|79|144|10|743|302|270|831|126|506
498,945|49|806|367|361|142|666|239|524|232|139|272|259|937|220|704|190|822|94|327|418|921|766|163|424
499,411|396|535|794|917|227|158|700|181|576|166|72|37|686|182|603|879|612
500,529|685|720|400|191|843|268|14|7|379|61|258|341|204|446|836|665|208|904
501,795|807|419|57|611
502,455|994|95|749|295|127|638|925|914|977|354|829|433|824|817|6|545|812|167|700|98|388|551|560
503,904|927|478|562|169|40|143|946|851|226|875|421|350|978|605
504,653|601|658|259|542|681|850|848|33
505,656|66|160|9|552|429|828|304|709|550|615|357|1000|215|358|174|998|477|653
506,497|79|205|831|265|173|760|600|934|10|743
507,662|869|251|124|269|324|751|755|20|278|348|107|588|674|719|175|910|92|282|397|854
508,893|420|640|355|495|919|63
509,967|531|445|196|67|12|165|128|814|378|987|868|717|693|739|114|640|340|430|200|436|384|792|240|470
510,683|544|62|349|205|278|869|30|984|462|338|766|757|380|354|91|614|346
511,825|563|657|476|359|527|601|203|519|637|572|542|121|789|577|261|728|80|899|821|500|687
512,561|46|666|764|721|241|880|663|77|3|465|247|114|782|668|299|733|679|50|854|518|210|291|606|208|434|140|874|838|185|489|23|401|403|583|890|849|149|896|275|948|832
513,524|217|434|458|828|885|951|3|847|583|894|751|718|309|968|935|70|357|673|208|617
514,140|271|619|758|326|661|415|858
515,539|637|911|619|249|416|811|404|450|661|209|313|931|440|608|391|314|59|948|849|889|195|750|771|185|382|922|437|799
516,639|636|230|174|481|144|440|404|322|71|314|52|8|790|833|296
517,26|790|8|111|497|39|907|574|768
518,720|634|465|291|675|275|50|299|838|208|3|512|750|721|561|880|782|663|764|771|538|619|254|648
519,687|711|346|253|43|319|380|345|193
520,865|700|435|900|263|581|940|939|411|95|560|352|372
521,382|693|355|814|316|328|45|841|792|288|746|822|304|63|200
522,87|137|933|641|908|963|355|692|157|504|650|445|148|631|12|850|147|293|35|211|987|381|792|200|958
523,96|490|459|602|525|438|626|844|632|18|406|960|915|798|934|677|312|826|914|141|262|944
524,361|823|49|666|721|236|239|139|238|424|232|260|498|3|375|797|179|959|22|142|332|494|107|917|767|918|272
525,708|266|837|626|743|406|438|510|234|96|632
526,381|853|556|495|790|293|202|820|916|459|640|591|395|855|209
527,486|904|594|877|825|898|720|207|821|379|628|218|520|687|599|755|855|261|836|24|500|314|556|488
528,55|341|464|309|852|873|726|888|477|537|948|362|967|972|263|689|851|560|820
529,696|253|191|631|657|7|500|486|711|720|138|268|843|572|14|621|513|685
530,26|695|694|593|574|199
531,509|445|693|883|872|814|196|987|717|630|45|311|46|746
532,877|864|207|319|555|904|744|672|396|178|374|428|927|657|965|68|486|625|345
533,928|972|629|568|942|48|966|294|809|646
534,434|596|66|681|930|688|909|264|300|648|19|174|514|78|840|345|864|786|326|742|473|215|169|73|998|105|653|686|971|788|458|709|1|322|622|704|692|56|926|3
535,566|672|651|360|931|323|181|2|555|390|956|676|669|370|16|982|319|19|758|961|927|701|748|478|808|213|244|271|971|978|777|543|408|40|923|569|745|650|490|38|714|702|598|694
536,238|279|956|283|764|634|699|306|712|77|918|696|835|733|315|109|863|49|460|719|663|862
537,590|794|813|464|851|52|824|47|54|726|797|6|273|551|503|72|528|689|55
538,690|883|489|512|254|889|832|926|771|85|948|507|509|196|782|46|100|594|437|104|618|874|684|796|471|663|952|149|978|959|21|936|515|999|965|159|973|693|403
539,682|757|102|737|180|931|390|369|144|353|24
540,977|860|84|761|463|6|829|447|967|684|835|453|814|794|274|584|612|95|276|387|331|197|673|581|801
541,900|231|440|484|333|301|152|559|29|154|399|462|180|337|738|940|607|338|812|250|483|818|961
542,232|368|766|567|694|768|941|848
543,748|822|665|777|488|194|57|670|6
544,390|164|507|345|688|794|983|864
545,831|243|925|914|98|396|222|438|683|917|352
546,833|389|317|383|71|229|68|352|646|784|65|884|202|294|776|322|697|325|605|368|123|575|579|928|802|108
547,997|595|412|976|582|938|290|74|402|110|99|710|769
548,322|526|658|792|399|556|773|395|904|495|382|916|527|355|521|640|147|660|760|202|353|811|737|853|445|288
549,73|1|308|307
550,667|552|9|615|826|215|1000|592|505|327|358|547|357|828|429|751|675|56|66|912|412|313|969|156|951|58|189|926|473|316|622|385|78|847|322|216|174|786|883|212|222
551,994|352|780|659|400|30|879|545|914|127|98
552,883|66|569|9|1000|160|521|215|58|15|680|615|505|358|429
553,416|913|185|514|943|798|661|275|248
554,414|432|20|875|231|154|787|152|878|820|484|683|890|851|975|845
555,370|19|676|927|40|340|177|244|566|535|2
556,853|131|833|817|564|435|784|955|125|987|415|287|526|393|992
557,990|616|892|189|423|774|433|744|592|270|15|736|304|296
558,349|610|187|457|324|910|961|792|205
559,29|317|462|154|230|541|878|811|333|773|435|854|148|337
560,520|95|911|411|287|387|495|804|227|313
561,690|150|838|610|221|758|880|159|321|465|515|663|21|699|588|863
562,736|407|780|16|496|569|53|829|763|708|931|369|702|194|822
563,261|789|825|755|657|572|728|130|256|799|567
564,267|949|125|810|643|817|934|871|184|749|202|641|770
565,247|896|942|953|182|914|142|630|917|540|668|23
566,177|370|244|840|535|982|171|180|390
567,678|848|206|33|24|766|542|261|601|259|145
568,214|469|172|629|964|616|201|224|169|932
569,763|505|277|736|680|16|407|194|562|822|702|899|496|19|344|38|375|650|255|271|2|981|226|424
570,872|430|196|427|730|190|705|46|542|56|281|410|97|973|734|797|220|463|441|945|179|24|959|51|411|623|731|680|399|332|361|538|921
571,26|695|199|8|530|111|574
572,728|7|821|577|657|815|681|789|511
573,890|892|155|403|606|936|943|437|450|985|974|645|515|294|221
574,481|12|335|369|8|886|81
575,474|695|325|60|121|799|694|135|118|697|292|731|891|186|671|295|371|568|485|803|928|455|148|245|942
576,170|596|152|812|627|701|250|44|373|42|722|544|818|192|32|961|776|845|662
577,789|728|511|261|881|572|563|825|657|61|855|258|933|965|207|575
578,445|878|734|8|223|772|868|409|557|430|111|39|296|86|765|168|279|119|832|156|188|989|870|618|189|639|26|15|5|748|805|724|57|932|574|980|252|314|493|79
579,474|349|25|385|449|616
580,62|950|779|419|993|647|437|867|807|920|491
581,447|940|216|903|72|379|873|520|95|410|865|824|607|263|852|700|994|977|391|560
582,547|110|405|690|932|997|580|290|970|324
583,951|751|894|20|3|513|788|847|434|534|828|536|1000|718|550|835|630|883|864|82|357|688|73|681|321|926|786|909|663|752
584,723|362|89|119|58|860|365|442|134|67|124|233|181|456|311|623|729|36|18|165|242|813|157|463|621|1000
585,109|454|286|608|310|712|405|394|234
586,295|96|770|163|775|179|924|399|783
587,139|947|823|770|51|756|797|689|75|260|17|586|705|902|48|698|218|754|775|809|174|343|228|417|783|54|224|310|986|504|704|302|533|620|49|570|633|924|707|361
588,225|764|251|887|44|64|854|106|507|70|984|869|719|269|347|138|662|356|757|91|346|107|184|397
589,289|715|920|308|795|310|611|501|402|996|394|827|57|807|330|722|328
590,41|246|528|754|888|873|520|851|350|72|537|852|273|467|972|55|464|258|726|689|499|211
591,988|118|69|772|752|765|378|456|76|60|383
592,189|980|429|18|966|557|290|505|892|774|15|168|304|296|990|765|297|976|932|305|768|604|588|151|144|985|448
593,852|735|907|211|608|966|481|493|932|252|605|177|293|833|280|31|111|286
594,130|745|374|529|665|488|196|446|895|359|654|965|870|857|713
595,412|976|582|88|433|162|552|146|385
596,566|638|44|544|818|676|722|192|170|627|961|164|576
597,342|86|866|389|639|838|732|27|225|401|217|151|126|168|989
598,714|2|777|937|894|272|20|271|64|299|702|213|676|82|951|142|19|896|498|40|696|16|226|77|225|737|34|23|835|371|569|707|407|369|694|954|240|628|503|982
599,65|410|823|495|816|144|767|504|687|587|458|607|947|620|542|586|29|658|633|24
600,831|282|506|632|10|126|497|79|173|265|502|743|305|979|154|352|230|189|111|144|342|113
601,941|17|825|542|256|33|54|504|886|461|848
602,377|163|236|806|783|302|839|22|844|278|705|398|680|924|79|586|11|770|239|33|417
603,340|612|237|925|182|927|181|216|740|804|879|227|710|6|19
604,327|288|159|504|375|424|505|778|955|399|610|861|921|343|216|680|498|607|766|947
605,546|76|533|978|964|629|172|575|69|201|472|371|928|469|378|644|942|709|260|292|115|214|568|145|61
606,48|568|590|875|363|645|974|890|155|403|573|309|111|849|461
607,767|599|353|633|425|398|931|65|947|281|955|441|620|410|287|658|816|24|556|823|399|698|775|973|236|671|666
608,252|597|585|932|481|342|875|735|359|593|31|280|649|413|768
609,975|664|729|813|915|890|852|791|224|134|480|363|264|756|280|133|735|386
610,154|483|347|845|148|357|558|197|349
611,819|391|290|696|807|328|419|394|589|715|308|795|109
612,535|499|603|37|807|930|686|740|722|181|396|273|182|638|795|166|158|197|794|177|560|576|328|227|98|804|879|502|684|983|704|876|689
613,262|428|406|566|164|255|112|264|979|332|141|44|706
614,856|812|484|152|62|360|510|278|30|414|659|346|757
615,505|136|894|85|215|750|429|56|117|673
616,325|118|891|605|474|296|579|919|245|449|101|122|186|25|74|172|995|187|803|284|189|383|469
617,156|912|655|926|661
618,156|489|100|874|753|140|104|959|911|21|538|748|685|57|471|46|275|149|403|440|771|165|936|198|441|832|965|948|782|150|796|254|999|901|351|447|249|684|196|442|210|59|890|880|119|461|952|675|858|268
619,440|450|415|911|799|514
620,313|778|425|947|823|604|658|29|207|816|287|633|924|281|54|754|698|24
621,991|584|613|918|634|94|393|859|321|124|142|759|348|242|334|298|443|636|609|929|944|266|36|276
622,771|734|215|549|73|56|926|965|309|165|78|692|998|160|951
623,915|570|58|157|981|311|242|89|442|106|365|134
624,712|351|279|5|233|57|761|308|800|950|918|640|391|870|482|146|920|290|536|171|699|405|733
625,422|486|345|532|846|178|61|877|235|320|577|572|319|672|711|739|7|722|162
626,307|549|523|393|438|406|96|93|525|632
627,827|800|876|32|614|178|558|576|192|181|738|544|109|818|722|170|596|330|91|44|42|338|329|250|961|559|588|107|510|324|743
628,737|555|539|954|102|607|640|748|937|229|682|180|956|931|384|479|569|548|116|971|714|431|450|893|725|763|708|1|556|209|272|19|271|213|899|143|369|777|353|822|344|16|566|503
629,55|942|568|974|928|469|649|329|464|449|605|290|776|644|122|76|673|229|294|214|172|964|145|201
630,217|82|631|835|12|92|817
631,196|4|183|495|436|835|630|217|918|353|406|92|963|896|810|238|817|240|114|521|934|445|524|893|749|3|919|759
632,406|691|439|96|840|523|626|914|352|525|438|602|262|133|157|428|165|89
633,425|220|232|954|766|322|620|153|24|224|599|947|259|484|939|410|526|816|680|607|658|399|924|567|767|823
634,107|991|862|621|306|321|793|756|94|935|929|443|82|106|348|298|859|691|619|124|944
635,713|80|128|572|895|429|744|162|61|595|779|529|739|562|216|1000
636,134|944|480|264|321|393|336|957|439|301|459|747|633|613|312|859|578|298|230
637,731|799|444|368|339|999|601|243|285|768|256
638,686|794|181|612|396|879|329|740|74|166|37|576|672|700|227|804|889|596|499|182|274|158|603|216|497|237|257|244|925|32|726|23|888|447|746|411
639,52|790|695|833|735|193|230|404|772|314|144|395|516|151|177|848|966|608
640,202|773|556|853|817|539|548|526|353|207|209
641,617|850|160|697|760|908|353|35|98|522|958|12|137|766|741|933|963|87|147
642,203|629|779|61|128|204|902|572|791|529|893|503|162|115|258|341|158|359|606|364|466|877|820|915|218|132|855
643,13|129|381|958|345|871|963|651|125|556|293|420|785|939|746|372|340
644,294|533|646|214|408|145
645,573|403|890|155|385|974|606|838|515|416|100|936|415|185|952|149|911|796|481|466
646,808|469|546|71|884|230|548|954|145|317|526|784|229|640
647,920|452|88|38|338|390|377|90|234|455|279|580|949|781|589
648,300|322|688|742|78|864|704|66|840|358|909|786|930|534|612|968|326|473
649,280|554|252|790|966|31|481|189|111|246|335|79
650,899|837|369|431|694|118
651,893|348|992|129|758|916|372|340|526|785|714|643|961|814|381|2|835|746|420|196|773|13|177|555|939|871|108|112|958|963|509|810|933|395|188|827|87|293|137|405
652,467|339|37|135|237|157|227|903|277|768|148|517|243|882|387|274|741|603
653,912|637|656|930|731|652|886|673|160|815|277|681|147
654,446|488|857|130|739|218|965|874|451|374|203|7|665|594|341|233|693|345|487|730|591|359|836
655,681|277|963|160|656
656,962|575|617|491|78|677|3|830|916
657,903|132|789|258|577|563|511|825|261|572
658,425|816|287|823|607|399|633|599|947|24|797|620|410|281|767|65|601|921|75|224|855|783|450|766|778|54
659,502|37|994|167|354|925|545|914|824
660,608|893|466|820|376|679|992|934|585|75|641|53|293|125|211|689|888|475|792|131|851
661,785|140|192|901|858|996|913|275|32|759|428|415|514
662,719|984|198|20|30|107|152
663,23|661|922|403|518|461|149|880|838|771
664,364|386|133|915|673|813|363|756|809|609|791|793|691|393|975|117|932|336|94|312|747|677|729|228|18|212|584
665,119|235|451|261|196|61|130|739|563|529|374|128|734|488|965|654
666,334|3|524|838|361|864|385|498|139|321|955|49|206|806|232|239|259|823|410|959|685|427|190|698
667,656|655|912|300|160|886|962|681|695|653|118|617|641|650|476|847|513|818
668,732|367|239|835|953|84|634|23|247|565|400|467|276|896|426|917|903|356
669,323|19|566|350|308|701|983|982|164
670,978|748|959|146|745|374|829|714|897|456|777|211|350|488|223|384|543|82|707|921|64|143|763|38|102|702|967|737
671,567|97|766|33|17|848|335|542|504
672,422|687|779|319|345|235|635|535|178|308|846|532|864|877|625|806|825|486|253|855|366|61
673,709|885|309|473|174|478|656|212|690|169|58|56|552|655|667|322|928|883|9|930|455|847|840|688|986|326|926
674,579|472|389|373|183|245|699|284|145|371|135|485|294|76|776|361|772|208
675,952|385|285|221|241|299|255|222|210|155|690
676,682|701|927|370|758|390|421|213|971|419|930|982|244|19|323|648
677,759|723|193
678,482|906|815|819|504|716|444|339|491
679,211|992|820|902|293|531|53|376|471|125|475|754|421|893|660|200|63|403|372
680,327|604|955|343|375|823|921|357|424|48|778
681,617|656|768|476|655|718|962|825|912
682,370|954|737|102|636|29|628|180|755|479|539|931|38
683,338|282|278|83|749|253|30|614|510|812|91|62|205|346|711|349
684,97|84|106|463|430|127|6|654|753|551|233|387|782|698|977|917|447|378|540|860|594|739|967|354|874|165|829|824|887|120|339|998|95|51|104|537|852|565|274|433|232|446|23|873|435|520|686|903|396|119
685,115|14|261|500|755|597|720|711|562|529|191|7|929|80|238|235|843|268|687|561|577|276|762|764|207|594|739|857|672|486|359|446|422
686,323|792|638|794|879|181
687,301|132|900|563|180|821|855|405|207|755|379|410|836|904|895|654|413|197|788|230|728|898|527|646|281|720|203|193|642|625|61|480|115|519|572|488|635|957|492|162|511|672|435|532|779|319|178|268|380|789
688,648|534|930|73|840|909|552|66|864|886|742|473|78|300
689,888|246|585|55|865|804|435|263|860|710|23|386|726|214|331
690,985|637|241|890|296|913|518|306|832|489|210|849|952|911|59
691,714|133|96|242|312|336|386|992|791|793|264|609|664|809|363|813|119|143|915|742|759|756|364|165|975|706|207|935|89|125|362|311|623|944
692,718|926|487|830|878|885|998|156
693,445|509|353|57|817|717|531|987|814|196|56|53|35|934|240
694,657|655|277|439|725|339|714|360|882|567
695,517|932|735|8|530|768|81|697|186|765|113|199|734
696,843|536|402|589|976|712|870|419|77|20|109|70|699|279|321|580
697,455|118|799|60|69|731|941|292|186|121|135
698,111|228|947|537|493|75|797|754|224|936|775|587|54|633|44|260|61|986|48|844|554|813|955|281|599|902|973|65|206|17|887|222|494|839|905|816|220|570
699,501|795|109|400|518|401|536|996|291|283|696|595|828|733|391|306
700,900|560|95|865|565|794|263|738|911|855|388|182|940|581|520|134|72|411|247
701,879|694|937|982|345|909|213|390|535|669|682|328|971|882|323|555|676|2|370|638|244|566|745
702,357|496|931|562|547|763|822|407|892|194|344|16|736|569|2|777|737|978|748|598|421|474|971|43|670|331|154|180|708|604|116|82|143|826|63
703,38|490|323|956|946|34|650
704,494|806|179|332|13|638|905|11|770|327|686|139|839|262|658|955|816|24|858|924
705,427|51|97|441|67|959|190|236|570|242|260|945|531|783|220|872|765|378|730|424|281|973|723|58|965|587|383|654
706,393|523|613|262|428|112|164|141
707,478|496|479|503|143|226|350|116|421|573|218|974
708,268|360|490|43|213|150|946|837|748|555|954|2|38|956|669
709,212|54|309|174|673|909|258|215|169|313|593|615|505|726|513|550|228|820|153|583|326|9
710,247|852|458|358|197|74|392|841|700|216|547|940|477|316|222|433|780|453|468
711,132|779|762|81|844|380|193|647|519|422|492|253|366|856|594|319|261|359|904|642
712,70|306|88|64|950|696|77|114|283|863|918|598|289|315|751|413|238|721|733|401|512|862|769|460|109|367|5|208|699|110|536|976|513|290|269|286
713,80|779|63|412|162|341|895|635|744|857|380|446|193|500|762|625|466|14|529|665|727|836|207
714,444|882|650|431|277|243|799|669|725|927|369|38|899|577|370|271|56|522|103|186|432|963|886|694
715,589|877|419|676|146|624|394|795|716|405|547|88|454|807|171|501|996|289|819|827|460|308|611|140
716,12|761|501|5|906|815|678|60|491
717,84|693|987|445|196|531|814|509|958|730|641|835|46|200|114|548|810|540|202|508|908|919
718,513|434|631|505|634|951|733|751|828|674|847|894|23|66|3|583|655|617|156|550|138|212
719,487|175|333|107|62|696|498|349|588|298|614|843|854
720,500|635|843|396|687|247|563|7|268|762|699|14|529|191|846|685
721,20|403|208|880|291|3|299|271|465|709|518|561|50|663|512|460|910|764|838|719|758|699|489|472|805|248|150
722,148|462|576|112|961|325|818|544|856|192|333|558|603|31
723,362|89|67|438|365|124|623|119|977|97|442|255
724,303|418|86|151|980|868|506|252|191|168|984|225|223|772|989
725,369|652|882|650|277|667|370|899
726,852|55|788|851|686|974|41|581|480|403|964|972|890|528|652
727,637|159|385|798|954|449|505|349|221|558|117|985|675|249|285|85|849|690|763|952|59|241|750
728,577|563|261|825|886|492|657|601|789|380|960
729,242|624|525|584|117|365|362|393|311|266|36|56|67|621|268|89|134|623|94|442|165|119
730,633|816|705|902|870|829|65|220|482|57|839|570|945|51|139|427|97|823|872|947|190|959|84|49|751|973|441|601|156|986|806|936
731,776|60|319|135|108|697|575|186|899|752|292|35|121
732,106|151|94|225|805|86|270|303|516|593|866|843|168|49|989|27|436|597|765|342|980|418|724|907|733
733,315|436|401|862|286|712|870|918|109|984|896|233|394|696|283|270|238|412|938
734,724|57|772|223|430|168|600|966|31|39|36|409|79|679|717|578|765|868|446|126|81|475|584|225|188
735,1000|597|115|793|608|133|31|280|111|649|932|270|370|593|145
736,407|604|431|822|496|557|562|897|763|16
737,144|628|102|479|947|682|954|931|180|539|714|725|556|34|503|350|566|969|16|535|490|360|982|40|676|555|755|272|19|884|694|43|194|143|745|701|708|996|384|562|65|271|213|458|669|64|899|516
738,962|484|462|869|287|588|250|821|251|154|404|855|683|337|541|333|984|559|787|556|29|282|349|91|458|413|507|884
739,965|779|374|156|488|451|717|877|446|657|665|745|203|61
740,879|216|182|794|37|243|612|388|686|905|171|222|381|545|308|652|227|494|316|265|785|537|638|590
741,590|237|160|167|274|912|339|243|941|222|903|387|219
742,224|885|160|544|930|66|912|473|535|864|786|840|886|648|300|909|534
743,236|506|1|265|949|810|173|649|79|126|990|866|10|177|455|278|734|600
744,162|80|635|136|713|895|687|117|919|572|955|836|366|642|720|595|297|203|825|45
745,765|384|543|777|748|670|874|897|442|421|272|694|569|782|143
746,640|840|354|53|939|340|958|196|382|381|919|785|871|13
747,957|636|65|791|503|134|301|336|393|459|157|480|446|29|386|881|523|365|691|312
748,490|669|676|682|897|543|407|384|670|995|116|745|822|194|777|226|707|76|268|244|34
749,817|564|398|12|372|963|353|522|380|913|631|810|13|760|470|934|127
750,985|440|437|690|140|615|241|100|891|702|159|465|954|221|210|675|948|385|727|101|849|952|357|59|21|913|85|285|798
751,951|847|513|583|718|828|3|894|299|49|733|434|139|667|998|86|251|759|930|552|575|719|615|805|673|56|688|968
752,69|591|383|995|834|36|803|378|373|120|76|578|928|456|533|988|245|579|409|284|108
753,887|107|594|347|198|772|878|487|885|447|875|20|32|610|588
754,775|902|730|97|986|75|228|332|54|924
755,836|527|529|904|898|379|658|492|855|821|642|687|253|539|769|207|572|102|965|132|682|495|366|685|410|895|153|728|393|78|258|720|235
756,478|609|364|861|944|929|863|975|691|813|991|664|632|809|890
757,856|432|431|697|148|850|150|12|576
758,140|71|880|514|832|415|796|858|889|158|332|922|171|935|901|661|159|890|913|596|764|846|489|619
759,334|609|321|136|991|634|124|944|238|935|859|11|929|94|989
760,73|842|934|470|551|802|817|810|105|475|564|949|749|987|640|850|526|372|485|641|933|92
761,696|950|526|482|965|286|800|233|6|351|427|460|745|712
762,877|527|665|234|80|30|802|130|988|193|275|253|90|258|846|289|711|132
763,496|331|702|543|226|116|736|562|344|241|349|750|927|407|350|569|369|822|194
764,208|150|880|518|299|721|465|291|573|796|838|984|50|512|645|663|561|450|889|936|272|86|303|149|161|720|471|367|874|245|515|124|862|275|782|46|217|159|618|385|191|474|619|14|106|901|404|849|356|690
765,430|772|980|734|649|56|270|578|409|223|39|557|868|932|199|189|477|955
766,259|577|417|224|147|461|524|8|387|274|93|941
767,399|281|262|318|302|410|947|816|65|24|425|607|263|620|658|778
768,81|735|8|571|256|26|157|714|695|265|848|574
769,391|146|405|195|602|541|811|318|515|394|238|402|413|88
770,825|783|377|586|993|711|633|34|163|924|760|236|398|844|22|602
771,874|471|100|618|777|796|149|538|750|985|832|782|50|489|926|183|987|936|221|857|427|291|21|46|198|104|451|279|948|254|275|209|162|299|285|952|561|41|384|440|858|416|210|446|415|456
772,39|571|868|21|409|296|734|578|765|430|223
773,811|900|893|445|556|515|817|939|546|908|353|526|395|404|495|640|853|147|125|382|202|916|167
774,907|516|15|357|39|892|592|557|304|990|358|734|296|608|189
775,749|48|176|72|587|424|607|797|228|224|666|605|754|504|260|698|41|902|145|986|475|343|75|54|704|680|823|524|204|139|190|980|220|608|839|975|399|11|570|359|586|844|425|201|51
776,983|754|808|648|214|378|326|546|176
777,487|39|965|897|40|745|670|748|543|665|702|736|198|701|384|82|822|150|447|723|237|213|474|344|623|427|84|737|431|771|725|650|445
778,680|424|604|696|343|220|955|468|425|775|375|327|616|558|783|921|45|607|154|228|698|377|941|110|848|569|973|48|190|139|620|924|671
779,519|711|422|994|193
780,392|367|477|433|331|560|520|74|845|148|801|246|826|222|312|888|521|227|316|763|616|914
781,422|993|394|536|867|920|234|452|976|238|580|819|949|564|647|320|377|401|90|2|506|366|715|716|906
782,936|538|210|832|948|771|249|745|489|471|46|514|618|104|100|21
783,232|236|946|28|352|163|806|924|633
784,71|337|229|317|884|462|546|402|646|776|876|176|629|773|755|318|378|995|214|408|833|294|186|700|249|69|153|389|790|682|693|969|373|988|616|516|605|284|474|121
785,643|522|901|548|651|576|219|329|382|179|958|13|846|770|340|372|760|939|381|871|87|129|746|420|934|971|996|717|35|192|810|916|640|908|413|660|475|521|923|445|395|535|927|158
786,555|262|326|534|909|73|930|742|42|673|688|3|227|357|66|78|105|611|828|818|473|954|648|681|864|740
787,573|282|596|152|554|198|341|231|414|875|558|269|818|44|363|250|338|30|192|559|845|610
788,911|313|909|912|969|458|153|482|322|249|1|667|473|998|840|583|434|658|300|656|78|73|358|673|751|681
789,856|577|522|193|825|657|714|728|762|292|387|572|33|511|261|563|203|207|899|529|779|359|461
790,546|314|177|230|52|833|853|516|767
791,423|813|133|258|664|729|364|481|915|117|255|386|975|334|363|793|809|660|691|875|264|480|609|957|861|231
792,919|355|131|63|508|760|521|45|509|660|219|841|200|453|288|372|211|202|651|395|13|785|18|449|217|215|382|526|114|992|811|445|801|340|810|958|640|385|970|556|240|381|136|505|407|631|615|850|196|586
793,861|364|852|613|133|706|386|525|169|791|813|311|664|609
794,264|686|917|804|612|603|158|37|638|182|879|560
795,330|589|146|289|996|452|715|419|501
796,830|889|618|782|46|190|291|241|21|874|100|362|149|489|471|254|538|936|637
797,464|498|698|587|260|778|775|705|231|593|966|986|224|75|228|915|48|942|902|54|754
798,974|248|161|812|285|415|943|437|925|514|28|936|913|988
799,150|943|999|256|368|177|882|461|637|121
800,733|624|950|753|761|351|279|482|699|5|146
801,423|565|392|385|468|780|433
802,132|183|378|295|408|455|485|292|614|834|988|779|83
803,456|383|752|995|378|693|69|964|120|76|591|108|294|83|891
804,502|227|182|396|55|914|37|555|330|612|794|900|108|158|123|686|181|166|367
805,283|151|81|82|866|765|724|980|847|111|907|768|464|910|225|252|106|843|342|315|361|529|254|199
806,11|776|889|424|235|494|740|504|361|506|179|905|345|704|332|22|188|686|633|419|428|377|666|108|260|844
807,678|289|761|330|501|99|394|171
808,292|325|818|776|408|876|108|123|145|176|264|68|329|964|83|922|66|485|455
809,65|691|26|793|609|915|636|364|975|363|813|386|133|664|881|791|273|756|981|623|729|141|116|393|55|888|226|36|124|960|727|301|312|459|723|935|632
810,934|749|470|651|640|564|817|760|131|963|45|850|346|129|785|185|551|556
811,202|353|382|495|526|790|916|147|643|556|773|86|416|207|548|640|395|853|293|815|420|934
812,205|984|265|278|338|62|683|30|856
813,756|791|944|363|364|334|723|585|793|386|706|775|141|809|915|826|975|115|336|133|344|664|609|797|143|861|691|428|266|957|523|348|851|459|119|169|164|584|528|128|255|309
814,196|114|693|988|717|445|563|509|240|45|131|211|692|245|531|987|919|630|651|958|129|959|200|811|487|436|137|841
815,678|906|681|491|716|444|781|330|827|476|195
816,281|671|327|49|236|806|620|945|65|24|633|200|855|767|425|524|410|924|607|705
817,693|934|810|992|749|470|12|13|475|564|841|651|760|556|641|147
818,627|757|612|192|42|170|44|722|854|544|32|961|324|187|213|576|596
819,589|434|632|993|320|234|867|185|647|906|580|920
820,679|53|131|286|992|376|293|403|593|526|893|660|211|137
821,898|855|65|71|836|672|102|594|435|904|784|527|687|207|755|235|379|466|720
822,221|763|543|496|143|194|344|244|25|385|702|407|714|707|774|736|116|985|16
823,839|229|797|484|337|633|816|767|234|884|853|904|65|375|921|287|607|260|705
824,659|352|914|788|925|354|98|994|422
825,572|261|563|259|744|150|671
826,813|18|423|297|579|117|312|970|861|569|859|981|136|849|255
827,807|795|704|611|44|819|715|308
828,505|980|969|307|894|847|718|160|1|841|885|58|615|82|434|622|583|513|56|951|751|3|926|550|358|268|692|561|930|299|327|23|138|225|667|634
829,860|967|540|538|977|447|502|879|684|84|6|463|23|925|95|464|730|804|388
830,729|926|56|156|840|885|618|39|58|998|883|692|36|550|684|622|358|912|165
831,173|10|497|126|586|743|79|600|506|833|265|253|282|188|252|983|280
832,569|233|880|645|149|21|987|874|256|254|221|829|936|538|727|543|624|782|100|948|471|771|5|416|210|889|46|489
833,314|230|983|52|790|144|88|382|639|1|923|865|481|735
834,802|988|455|83|683|295|485|30|236|449|245|452|186|605
835,240|92|630|472|631|4|436|475|828|266|217|712|524|208|303
836,462|687|347|515|728|843|755|825|532|658|527|713|366|821|636|898
837,2|708|946|956|384|103|943|614|490|43|703
838,690|561|764|245|512|50|291|721|663|247|299|208|440|284|935|436|221|573|249
839,22|586|375|97|602|802|302|770|783
840,648|688|66|846|300|909|930|326|912|926|788|448
841,63|958|521|45|222|919|778|288|640|215|395|385|131|219|508|200|792|270|355|811|129|702|773|433|340|381|916|675|835|850|908|217|475|327|750|477|13|874|53|101|680|630
842,943|248|798|105|28|346|913|185|949|553|437|890
843,529|917|500|720|7|191|268|536|14|115|685|836|379|779|665|896|657|128|594|61|713|341|64|374|348|532|511|218|245|904|881|739|846|712|130|672|298|577|642|208
844,248|602|163|398|236|924|30|302
845,297|187|333|683|343|184|349|457|554|610|327|713|1000|324|483|558|544|154
846,486|672|895|651|746|904|922|380|625|961|877|525|577|178|235|345|762|923|319|305|527|898|532|44|132|511|61|665|162|909|657|300|685|643|855|642
847,685|513|529|951|751|583|58|718|828|894|3|434|885|930|156|78|712|426
848,950|770|504|33|601|417|22|778|799|941|256|259|567
849,255|889|189|952|675|241|221|210|645|85|385|316|109|159|588
850,882|444|856|963|504|35|641|509|731|186|137|12|871|933|757|656|87|987|643|147|160|439|908|522|135|630
851,143|84|852|273|392|464|590
852,972|55|72|537|528|686|502|339|494|873|590|915|41|851
853,841|836|916|395|548|556|382|129|526|641|811|202|353|639|219|495
854,869|138|845|349|984|397|107|62|487|935|269|910|418|175|588|276|251|507
855,687|572|425|739|755|836|527|207|402|594|821
856,906|432|192|757|148|346|160|462|575|44|504|662|544|256|154
857,654|446|430|130|374|451|594|223|739|965|379|665|39|713|821|855|207|162|488|532|720|684|466|519|341|191|625|744|877|777|687|878|204|755|128|987|258|870|359|447|825|728|500|529
858,514|241|661|415|922|889|646|901|141|140|758|150|999|161|185|637|78|952|532|606|210|651|842|416|155|943|799|440|824
859,89|438|759|975|664|621|634|297|981|27|960|321|94|443|944|245|266|991|929|529|809|935
860,445|463|352|142|967|829|973|631|84|447|706|705|222|977|540|6|684|739|879
861,826|423|9|791|859|793|255|312|117|355|136|362|970|981|780|18|406|613|584|691|297|119|609|664|975|296|634|626|386|621|756|112|141|610|623|480|96|348|336|849|165|747|439|457
862,712|733|315|536|696|918|283|863|367|949|953|70|699|238|77|109|460|583|306|401|99|318
863,70|944|401|472|208|77|951|976|880|828|696|283|699|512|268|371|460|565
864,139|969|722|930|742|688|655|971|840|1000|169|886|808|922|212|408|603|105|519
865,515|462|560|263|520|914|411|229|435|273|794|581|29|95|453|700|900|940|741|222|954|659
866,27|168|342|571|371|917|597|378|151|270|583|86|303|907|225|418|8|732|805|696|512
867,580|920|90|320|781|452|647|819|949|993|328|234|351|824|99|405
868,772|803|89|506|409|430|384|489|39|765|734|223|753|578
869,713|512|854|333|44|251|662|142|30|77|269|184|910|107|719|544|20|937|82|984|397|513|4|484|764|878|138|835|588|674|507|62|175|712|583|759|859
870,57|531|591|995|279|482|800|320|89|233|351|290|306|289
871,13|679|939|420|129|328|958|900|651|643|785|576|44|898|227|814|372|370|345
872,967|959|625|926|730|570|239|973|607|441|24|427|220|190|945|729|97|705|51|868|955|425|848
873,72|41|972|852|273|53|851|689|726|464|246|914|590
874,518|948|46|936|299|104|890|254|753|140|185|618|21|926|120|489|782|538|165|149|159|291|248|832|796|471|727|241|705|952|285|771|100
875,787|231|554|738|152|544|293|593|414|627|559|128|286|341|462|324|29|596|258|614|590
876,905|408|329|808|456|214|135|922|68|123|108|176|325|60
877,864|345|235|638|722|657|909|786|486|319|846
878,543|148|487|347|814|596|333|753|67|198|887|854|337|91|420|662|507|765|254|483|29|20
879,612|794|396|528|927|525|900|499|804|158|181
880,764|247|901|291|512|465|984|666|299|675|389|849|225
881,81|93|325|365|439|267|157|677|664|960|632
882,926|736|103|694|937|650|571
883,156|930|692|926|56|58|622|709|830|885|9|374|998|888|615|828|886|105|751|458|832|513|215|505|948|552|864|583
884,229|546|640|71|317|752|784|646|836|579|834|456|876|858|118|68|252|108|605|995|25|533
885,828|883|830|58|570|926|718|56|1000|692|57|998|886|622|156|765|458|5|67|104|534|149|309|51|788|238|169|681|550|311|594|351|434|951|78|552
886,160|912|476|513|840|617|667
887,198|753|20|878|347|830|487|251|32|175|89|414|187|107|857|558|250|614|374|349|874|869|397|719|130|120|445|269|324|622|683|875|154|554|818|984|333|457|910
888,972|890|212|873|478|545|775|143|689|875
889,858|901|21|514|661|155|140|415|922|150|544|758|210|209|396
890,450|363|606|241|155|796|645|573|24|403|974|214|385|849|54|515|21|512|210|913|561|880|404|799|629|85|985|975|758|528|661|133|172|59|50|952
891,71|449|605|25|349|616|121|474|101|579|122|557|294|776|297|295|327|472|329
892,557|412|952|195|304|990|280|778|15|985|592|774|189|296|409|177|983|10
893,211|125|992|53|660|293|376|475|35|820|25|679|341|811|340|172|258|81|919|4|934
894,534|615|828|880|830|73|951|373|70|434|272|513|78|751|663|666|847|3|862|583|718|721|835|429|909|156|786
895,466|446|162|80|744|801|130|713|635|821|933|665|500|572|904|833|527|203|14|345|268|532|550|218|344|720
896,142|86|247|953|426|23|513|276|20|468|565|298|191|367|805|668|106|400|907|917|291
897,763|102|543|745|982|244|777|669|748|991|670|384|822|226|496|772|198|702|650|598|143|956
898,821|207|318|954|559|527|904|836|625|855|755|687|379|529
899,384|143|701|882|369|694|714
900,411|940|581|263|865|246|502
901,758|514|889|786|922|140|858|415|403|613|661|390|450|489|159|437|465|880
902,239|252|494|524|386|55|48|54|260|224|75|587|797|116|22|287|801|698|823|228|487|775
903,714|836|274|387|237|121|55|339|243|206|563|655|741|652|504|227|571|98|316|60|804|581|900|396|453|603
904,532|898|855|128|527|821|857|755|556|954|379|729|207|687|836|363|823|301|341
905,179|625|494|704|441|11|816|332|806|766|638|425|524|839|498|239|325|986|49|48|823|420
906,580|815|716|850|491|444|678|844|647|761|387|867|283|819|99|279
907,342|27|600|657|303|82|989|270|86|732|168|597|106|151|772|805|230|866|980
908,749|850|87|963|147|12|933|679|934
909,300|78|73|786|113|864|534|473
910,152|843|984|138|389|44|175|854|346|859|507|269|397|250|231|251|271|662|86|929|588
911,515|581|416|619|874|102|404|764|71|952|249|796|858|440|318|209|700|413|450|415|159|100|402|900|180|489|922
912,667|909|617|522|326|653|476|517|655|681|899
913,798|943|185|952|12|275|625|385|28|248|161|265
914,551|603|545|98|824|659|994|388|865|142|817|354
915,756|759|133|747|134|729|809|691|970
916,395|217|679|981|957|853|340|526|4|65|71|556|495|811|640|548|202|508|353|381|125|850|841|92|835|755|313|931|546|836|379|382|773|933|821|293
917,880|896|356|276|247|447|306|142|824|668|400|467|565|426|23|751|879|953|367
918,621|862|283|696|733|536|234|920|472|501|401|271|70|238|315|444|647|712
919,792|16|521|841|508|131|12|63|288|355|296|200|349|219|987|45|607|853|587|215|395|893|15|814|573|196|569|595|475|548|382|99|933|631|630|375|810|240|217|436|340|297|531|850|327
920,308|83|394|722|234|283
921,375|680|427|955|222|905|327|778|424|297|604|343|602|24|767|569|457|357|698|775|992|582|801|766
922,661|858|404|28|415|996|573|983|140|514|758|420|901|889|450|85|209|704|890|385|305|489|913|746|179|911|943|838|766|999|368|437|46|618|611|832|798
923,305|257|188|983|979|772|113|140|758|448|177|643|905|980|225|625|126
924,425|236|889|375|783|844|22|302|377|770|417|586
925,779|167|352|98|914|354|545|994|76|829|275
926,622|829|445|58|409|156|169|885|883|998|830|56|692|220|748|583|434|73|488|351|840|254|313|442|451|968|909|300
927,390|669|244|971|323|676|566|19|370|181|213|982
928,605|172|201|942|294|644|329|568|707|876|629|145|214|169|533|25|469|964
929,663|513|270|944|621|266|588|935|859|443|133|334
930,329|864|706|688|715|555|66|576|909|534|433|648|742|552|840|1|589|786|473
931,555|516|539|737|244|313
932,314|516|252|649|481|593|174|959|111|735|341|177|201|280|493|966|31|608|985|144
933,196|545|522|717|850|147|368
934,817|380|564|470|946|920|810|381
935,759|173|334|165|94|4|859|677|124|321|348|298|299|583|991|442|634|944|264|613|3|929|266|77|89|621|255|393|400|443|438|423|36|970|363|117|96|20|270|242|240|362
936,50|889|119|857|615|254|748|46|351|948|285|832|489|471|771|368
937,2|64|598|443|38|370|82|168|272|271|670|344|566|460|702|116|732|956|777|240|479|736|897|721|77|927|400|367|213|718|94|634|699|980|143|496|40
938,290|595|616|976|800|9|547|589|99|582|88|769|328|283|306|615|672|412|997|310|110|197|468|604
939,746|81|473|381|785|213|112|922|871|436|643|372|916
940,411|865|769|195|900|603|263|652|520|581|722
941,17|567|823|259|572|256|49|417|431|601|260|302
942,145|229|644|135|214|964|605|629|609|852|286|568|172|201|775|294|469|533|928|797|808|329|616|435|108|834|891|884|83|295|776|454|986|449
943,275|185|248|798|208|553|842|241|256|519|50|764|913|28|161|437|796|901
944,4|512|321|94|266|929|759|723|348|334|36|721|991|124|443|288|634|859|312
945,959|705|570|671|417|441|730
946,360|708|956|43|34|2|490|837|703|555|38|834|683
947,410|816|633|399|462|559|905|767|132|645|281|628|823|375|413|313|601|599|833|65|587|24|607|773|424|658|458|738|425|556|287|620|260|468|224|941|806|853|770|705|784|398|924|259|902
948,58|21|538|830|512|860|208|832|771|254|97
949,867|834|320|595|308|696|920|452|171|580|163
950,351|624|57|233|857|870|482|5|6|84|800
951,803|513|3|434|883|631|655|667|512|894|583|662|751|64|575|692|828|847|49|630|718|968|56|465|885|998|622|1000|307|358
952,849|241|248|465|750|221|59|210|82|285|938|104|774|727|985|46|416|327|159|558|100|385|675|690|911|471|85|496|943|561|208|890|618|275|913|155|209|15|764|922|440
953,896|598|400|804|92|565|888|426|276|82|139|805|453|158|23|367|247|917|838|865|630|726|481|142|465|467|529|356
954,556|736|102|277|407|737|539|180|682|769|628|931|82|763|479|899|1|535|384|478|884|391|650|555|369|271|982|669|203|226|546
955,504|604|59|778|343|680|424|541|872|74|607|260|220|891|219|496|375|327|921|54|392|139|344|986|959|22|945|861|210|75|441|24|902|239|599|51|823|730|17|33|767|985|620|296|187|558|570|361
956,455|490|927|344|703|737|34|708|38|650|167|946|370|837|360|2|43|407
957,119|459|393|747|117|134|263|348|301|99|480|336|133|687|425|438
958,785|129|871|939|643|749|693|340|420|746|876|13|566|521|963
959,5|665|921|51|698|680|705|775|100|33|730|139|430|441|973|872|498|658|190|955|844
960,881|525|136|93|94|677|267|96|157|439|747
961,154|683|184|250|462|722|176|596|170|757|856|42|192|627
962,788|160|56|667|118|617|886
963,147|35|13|376|511|641
964,605|214|25|389|172|414|568|469|775|928|942|644|575|258|201|533
965,104|178|895|488|374|728|97|57|843|665|739|446|594|130|948|654|451|857|755|100|929|204|670|519|193|711|625|218|707|115|441|720|242|378|877|203|500|527|803
966,608|280|111|252|403|223|932|592|31|481
967,977|41|467|276|463|829|273|84|441|860|190|447|540|684|6|409|23|740|971|356|594
968,534|307|786|760|617|58|73|105|549|278|78|883|909|156
969,1000|493|709|788|541|658|615|300|322|506|617|153|307|313|458|549|1|65|968|912|66|718|78|353|411|505|9|883|357|288|962|326|391|144|207|424|73|930|160|656|29|534|249|429|747|786|215|692
970,623|255|736|423|136|348|264|297|288|861|957|636|138|18|221|981|36|117|975|433|364|960
971,982|535|394|213|448|785|864|244|555|669|676|514|370|643|108|566|598|19|899|694|927|786|701|390
972,851|879|246|890|852|590|537|554
973,778|998|950|770|959|945|872|829|377|441|190|21|823|633|97|11|570|332|705|120|723|924|489|730|995|427|220|51|375|36|897|905|374|425|692|156|224|139|775|361|840|665|259|602|17|887|327|424|228|383
974,280|606|999|150|727|645|675|890|368|155|493|386|538|901|573|403|593|799|691|975|145|568|437|291|618|690|128|889|512|782|644|932|111|557|952|252|416|208
975,793|691|826|18|442|386|861|747|813|915|204|414|493|40|664
976,99|290|200|938|582|781|595|869|5|110|997|412|429|736|131|970|547|306|585|238|283|197|761|460|324|611
977,917|771|693|860|84|190|987|463|445|540|829|967|985|684|6|851
978,40|708|478|503|533|421|143|277|116|707|350|376|226|102|787|2
979,448|177|768|113|188|170|305|257|983|923|493|26|785|497|39|649|676|314|289|557|126|15|304|225|597|252|593|840|430
980,666|342|907|805|270|765|989|649|565|151|724|305|86
981,861|298|18|826|970|297|136|312|550|255|219
982,390|407|544|566|725|478|328|535|927|473|701|143|532
983,493|722|129|257|833|923|990|651|151|39|448|19|305|177|188|113
984,349|596|869|507|483|138|42|910|662|845|907|269|733|436|270|614|588|462|719|20|854|175|544|7|896|107|271|251|397|541|29|863|828|14|812|561
985,616|550|635|210|690|241|285|197|385|727|221|952|713|990
986,417|754|902|48|726|466|224|775|587|228|54|260|680|844|756|599|524|797|601|806|698|75|49|498|945|783|24|11|33|286|767|232|586|839|17|97|704|239|730|924|375|548|377|872
987,814|693|717|445|777|196|939|531|963|509|446|853|463|63|471|897|919|288|916|293|874
988,295|605|83|485|275|914|808|533|121|817|834|455|802
989,303|271|31|397|86|168|7|225|719
990,199|304|790|335|189|184|159|774|392|252|592|557|15|985|593|296|892|27|221|151|314|31|126|506|39|430|86
991,238|953|859|298|443|4|529|334|907|935|321|944
992,293|211|820|641|679|645|853|893|217|376|521|53|475
993,90|949|580|867|452|920|320
994,388|98|352|659|167|824|551|127|502
995,731|58|665|447|76|383|229|883|378|752|579|803|469|947|201|591
996,938|48|330|444|807|283|166|328|611
997,308|712|582|99|110|976|949|90|290|547|938|595|819|412|801|678|375|70|5
998,926|828|505|830|883|622|156|56|739|692|482|58|885|76|9|534|445|451|617
999,208|956|150|799|209|368|881|538|256|637|725
1000,174|9|357|385|429|550|615|505|215|358
